{"probability": {"prior_probability": {"1": 0.25427350427350426, "2": 0.24643874643874644, "0": 0.2556980056980057, "3": 0.24358974358974358}, "battery_power": {"1": {"0": 0.24166666666666667, "1": 0.275, "2": 0.25, "3": 0.23333333333333334}, "2": {"0": 0.2808022922636103, "1": 0.24355300859598855, "2": 0.23782234957020057, "3": 0.23782234957020057}, "0": {"0": 0.3259668508287293, "1": 0.3314917127071823, "2": 0.19613259668508287, "3": 0.1464088397790055}, "3": {"0": 0.17391304347826086, "1": 0.19710144927536233, "2": 0.30144927536231886, "3": 0.32753623188405795}}, "blue": {"1": {"1": 0.4720670391061452, "0": 0.5279329608938548}, "2": {"1": 0.5014409221902018, "0": 0.49855907780979825}, "0": {"1": 0.475, "0": 0.525}, "3": {"1": 0.5276967930029155, "0": 0.47230320699708456}}, "clock_speed": {"1": {"0": 0.39444444444444443, "2": 0.2, "1": 0.20555555555555555, "3": 0.2}, "2": {"0": 0.37822349570200575, "2": 0.20630372492836677, "1": 0.21203438395415472, "3": 0.2034383954154728}, "0": {"0": 0.4116022099447514, "2": 0.20718232044198895, "1": 0.16298342541436464, "3": 0.21823204419889503}, "3": {"0": 0.36231884057971014, "2": 0.2318840579710145, "1": 0.20869565217391303, "3": 0.19710144927536233}}, "dual_sim": {"1": {"1": 0.5027932960893855, "0": 0.4972067039106145}, "2": {"1": 0.4668587896253602, "0": 0.5331412103746398}, "0": {"1": 0.5222222222222223, "0": 0.4777777777777778}, "3": {"1": 0.5189504373177842, "0": 0.48104956268221577}}, "int_memory": {"1": {"2": 0.28055555555555556, "0": 0.25, "3": 0.20833333333333334, "1": 0.2611111111111111}, "2": {"2": 0.16332378223495703, "0": 0.3467048710601719, "3": 0.24355300859598855, "1": 0.24641833810888253}, "0": {"2": 0.19613259668508287, "0": 0.27348066298342544, "3": 0.2541436464088398, "1": 0.27624309392265195}, "3": {"2": 0.2579710144927536, "0": 0.24347826086956523, "3": 0.2608695652173913, "1": 0.23768115942028986}}, "m_dep": {"1": {"3": 0.2777777777777778, "2": 0.20277777777777778, "1": 0.18055555555555555, "0": 0.3388888888888889}, "2": {"3": 0.24355300859598855, "2": 0.2034383954154728, "1": 0.17478510028653296, "0": 0.37822349570200575}, "0": {"3": 0.24585635359116023, "2": 0.20441988950276244, "1": 0.17403314917127072, "0": 0.3756906077348066}, "3": {"3": 0.26666666666666666, "2": 0.19420289855072465, "1": 0.2028985507246377, "0": 0.336231884057971}}, "mobile_wt": {"1": {"0": 0.25833333333333336, "1": 0.23333333333333334, "3": 0.25555555555555554, "2": 0.25277777777777777}, "2": {"0": 0.2349570200573066, "1": 0.24355300859598855, "3": 0.24355300859598855, "2": 0.27793696275071633}, "0": {"0": 0.2569060773480663, "1": 0.2265193370165746, "3": 0.281767955801105, "2": 0.23480662983425415}, "3": {"0": 0.32463768115942027, "1": 0.2608695652173913, "3": 0.1855072463768116, "2": 0.2289855072463768}}, "n_cores": {"1": {"0": 0.275, "2": 0.20555555555555555, "1": 0.28888888888888886, "3": 0.23055555555555557}, "2": {"0": 0.23209169054441262, "2": 0.23782234957020057, "1": 0.27793696275071633, "3": 0.2521489971346705}, "0": {"0": 0.24033149171270718, "2": 0.24861878453038674, "1": 0.24585635359116023, "3": 0.26519337016574585}, "3": {"0": 0.2608695652173913, "2": 0.24057971014492754, "1": 0.2289855072463768, "3": 0.26956521739130435}}, "pc": {"1": {"2": 0.2111111111111111, "3": 0.24444444444444444, "0": 0.28055555555555556, "1": 0.2638888888888889}, "2": {"2": 0.23209169054441262, "3": 0.2148997134670487, "0": 0.25787965616045844, "1": 0.29512893982808025}, "0": {"2": 0.24585635359116023, "3": 0.2154696132596685, "0": 0.2845303867403315, "1": 0.2541436464088398}, "3": {"2": 0.20579710144927535, "3": 0.2463768115942029, "0": 0.2927536231884058, "1": 0.25507246376811593}}, "px_height": {"1": {"1": 0.3527777777777778, "0": 0.4111111111111111, "2": 0.18333333333333332, "3": 0.05277777777777778}, "2": {"1": 0.28939828080229224, "0": 0.4699140401146132, "2": 0.18911174785100288, "3": 0.05157593123209169}, "0": {"1": 0.32320441988950277, "0": 0.5303867403314917, "2": 0.13259668508287292, "3": 0.013812154696132596}, "3": {"1": 0.33043478260869563, "0": 0.34202898550724636, "2": 0.2289855072463768, "3": 0.09855072463768116}}, "px_width": {"1": {"0": 0.25277777777777777, "1": 0.2777777777777778, "2": 0.21388888888888888, "3": 0.25555555555555554}, "2": {"0": 0.25501432664756446, "1": 0.25787965616045844, "2": 0.2664756446991404, "3": 0.22063037249283668}, "0": {"0": 0.31767955801104975, "1": 0.27624309392265195, "2": 0.24585635359116023, "3": 0.16022099447513813}, "3": {"0": 0.1681159420289855, "1": 0.20579710144927535, "2": 0.25217391304347825, "3": 0.3739130434782609}}, "ram": {"1": {"1": 0.6944444444444444, "2": 0.16666666666666666, "0": 0.1361111111111111, "3": 0.002777777777777778}, "2": {"1": 0.16905444126074498, "2": 0.6532951289398281, "0": 0.0028653295128939827, "3": 0.17478510028653296}, "0": {"1": 0.16022099447513813, "2": 0.0027624309392265192, "0": 0.8342541436464088, "3": 0.0027624309392265192}, "3": {"1": 0.002898550724637681, "2": 0.16521739130434782, "0": 0.002898550724637681, "3": 0.8289855072463768}}, "sc_h": {"1": {"1": 0.26944444444444443, "3": 0.29444444444444445, "0": 0.25555555555555554, "2": 0.18055555555555555}, "2": {"1": 0.2808022922636103, "3": 0.25501432664756446, "0": 0.28653295128939826, "2": 0.17765042979942694}, "0": {"1": 0.27348066298342544, "3": 0.27900552486187846, "0": 0.22375690607734808, "2": 0.22375690607734808}, "3": {"1": 0.2289855072463768, "3": 0.3101449275362319, "0": 0.19710144927536233, "2": 0.263768115942029}}, "sc_w": {"1": {"1": 0.2916666666666667, "0": 0.5277777777777778, "3": 0.05277777777777778, "2": 0.12777777777777777}, "2": {"1": 0.3638968481375358, "0": 0.46131805157593125, "3": 0.06017191977077364, "2": 0.11461318051575932}, "0": {"1": 0.3287292817679558, "0": 0.44751381215469616, "3": 0.049723756906077346, "2": 0.17403314917127072}, "3": {"1": 0.26956521739130435, "0": 0.47246376811594204, "3": 0.08115942028985507, "2": 0.17681159420289855}}, "talk_time": {"1": {"1": 0.2388888888888889, "0": 0.24722222222222223, "2": 0.225, "3": 0.28888888888888886}, "2": {"1": 0.27793696275071633, "0": 0.25787965616045844, "2": 0.22063037249283668, "3": 0.24355300859598855}, "0": {"1": 0.27624309392265195, "0": 0.26795580110497236, "2": 0.22099447513812154, "3": 0.23480662983425415}, "3": {"1": 0.2898550724637681, "0": 0.23478260869565218, "2": 0.20869565217391303, "3": 0.26666666666666666}}, "three_g": {"1": {"1": 0.7877094972067039, "0": 0.2122905027932961}, "2": {"1": 0.7636887608069164, "0": 0.23631123919308358}, "0": {"1": 0.7222222222222222, "0": 0.2777777777777778}, "3": {"1": 0.7638483965014577, "0": 0.23615160349854228}}, "touch_screen": {"1": {"0": 0.48044692737430167, "1": 0.5195530726256983}, "2": {"0": 0.5389048991354467, "1": 0.4610951008645533}, "0": {"0": 0.5, "1": 0.5}, "3": {"0": 0.5247813411078717, "1": 0.4752186588921283}}, "wifi": {"1": {"0": 0.5111731843575419, "1": 0.4888268156424581}, "2": {"0": 0.5244956772334294, "1": 0.4755043227665706}, "0": {"0": 0.5194444444444445, "1": 0.48055555555555557}, "3": {"0": 0.46355685131195334, "1": 0.5364431486880467}}}, "binning_info": {"battery_power": {"bin_edges": [499.503, 875.25, 1249.5, 1623.75, 1998.0]}, "clock_speed": {"bin_edges": [0.4975, 1.125, 1.75, 2.375, 3.0]}, "fc": {"bin_edges": [-0.019, 4.75, 9.5, 14.25, 19.0]}, "int_memory": {"bin_edges": [1.938, 17.5, 33.0, 48.5, 64.0]}, "m_dep": {"bin_edges": [0.09910000000000001, 0.325, 0.55, 0.775, 1.0]}, "mobile_wt": {"bin_edges": [79.88, 110.0, 140.0, 170.0, 200.0]}, "n_cores": {"bin_edges": [0.993, 2.75, 4.5, 6.25, 8.0]}, "pc": {"bin_edges": [-0.02, 5.0, 10.0, 15.0, 20.0]}, "px_height": {"bin_edges": [-1.96, 490.0, 980.0, 1470.0, 1960.0]}, "px_width": {"bin_edges": [498.502, 874.5, 1249.0, 1623.5, 1998.0]}, "ram": {"bin_edges": [252.258, 1191.5, 2127.0, 3062.5, 3998.0]}, "sc_h": {"bin_edges": [4.986, 8.5, 12.0, 15.5, 19.0]}, "sc_w": {"bin_edges": [-0.018000000000000002, 4.5, 9.0, 13.5, 18.0]}, "talk_time": {"bin_edges": [1.982, 6.5, 11.0, 15.5, 20.0]}}}